{"1":{"id":"1","Make":"Lexus","Model":"NX","Price":"54600","Colour":"Silver","Year":"2019"},"2":{"id":"2","Make":"Kia","Model":"e-Niro","Price":"36228","Colour":"Dark Blue","Year":"2019"},"3":{"id":"3","Make":"Subaru","Model":"Forester","Price":"29395","Colour":"Olive","Year":"2015"},"4":{"id":"4","Make":"Mazda","Model":"Mazda6 Saloon","Price":"33690","Colour":"Wine Red","Year":"2019"},"5":{"id":"5","Make":"Skoda","Model":"Suberb","Price":"32080","Colour":"Dark Grey","Year":"2018"},"6":{"id":"6","Make":"Toyota","Model":"Tundra CREWMAX","Price":"65570","Colour":"Silver","Year":"2020"},"7":{"id":"7","Make":"Honda","Model":"Civic","Price":"32810","Colour":"Deep Blue","Year":"2020"},"8":{"id":"8","Make":"Peugeot","Model":"Expert Combi","Price":"23600","Colour":"Silver","Year":"2018"},"9":{"id":"9","Make":"Alfa Romeo","Model":"Giulia Quadrifoglio","Price":"74295","Colour":"Red","Year":"2020"},"10":{"id":"10","Make":"Volvo","Model":"XC90","Price":"82420","Colour":"Silver","Year":"2020"},"undefined":{}}